test2,串,dwad,dwada,memo,サッカー,ソフトボール,武道・格闘技
test3,こここっ こ,けけけけっけえｋ,１１１１１１１１１１１１１,444444444444444444444,ソフトボール,卓球,スノーボード
test3,"""name""",出身地,09077777777,"This is Memo So",射的スポーツ,武道・格闘技,卓球
test3,NName,SShuu,09088888899,MEmmmoooooooooo,ラグビー,卓球,スノーボード
test3,Higigi,SSSSSSSSs,88888888,MMEMMEMOEMOEMOEMOE,陸上競技,武道・格闘技,ソフトボール
testid,Tester2,Nagoya,090888777,"thisis memo .",腕相撲,スキー,サーフィン
testid,Grock21,Austrarria,99484848484848,"Nice GUn",自転車競技,腕相撲
testid,HK417,German,9r848444,NiceGUNNNNNN,水泳,自転車競技,陸上競技,サッカー,スキー,バスケ,テニス
testid,a,a,a,a,"set from Right"
testid,aa,aaaa,aa,aa,"set from Right"
testid,b,b,b,b,
