kokokk,k,ここここっっこっっここ,0,陸上競技,武道・格闘技,ソフトボール
test1,1,テストユーザー1,1,水泳,自転車競技,テニス
test2,2,テストユーザー2,2,水泳,自転車競技,テニス
test3,3,テストユーザー3,3,水泳,自転車競技,テニス
test4,4,テストユーザー4,4,水泳,自転車競技,テニス
test5,5,テストユーザー5,5,水泳,自転車競技,テニス
test6,6,テストユーザー6,6,水泳,自転車競技,テニス
test7,7,テストユーザー7,7,水泳,自転車競技,テニス
test8,8,テストユーザー8,8,水泳,自転車競技,テニス
test9,9,テストユーザー9,9,水泳,自転車競技,テニス
test10,10,テストユーザー10,10,水泳,自転車競技,テニス
test11,11,テストユーザー11,11,水泳,自転車競技,テニス
test12,12,テストユーザー12,12,水泳,自転車競技,テニス
test13,13,テストユーザー13,13,水泳,自転車競技,テニス
test14,14,テストユーザー14,14,水泳,自転車競技,テニス
test15,15,テストユーザー15,15,水泳,自転車競技,テニス
test16,16,テストユーザー16,16,水泳,自転車競技,テニス
test17,17,テストユーザー17,17,水泳,自転車競技,テニス
test18,18,テストユーザー18,18,水泳,自転車競技,テニス
test19,19,テストユーザー19,19,水泳,自転車競技,テニス
test20,20,テストユーザー20,20,水泳,自転車競技,テニス
test21,21,テストユーザー21,21,水泳,自転車競技,テニス
test22,22,テストユーザー22,22,水泳,自転車競技,テニス
testid,0,テストユーザー1,1,水泳,ソフトボール,スノーボード,カヌー
